SensorID,Timestamp,Nitrogen,Phosphorus,Potassium,Temperature,Humidity,PH,Rainfall
1,"2025-01-01 08:00:00",90,42,43,20.8797,82.0027,6.50299,202.936
2,"2025-01-01 09:00:00",85,58,41,21.7705,80.3196,7.0381,226.656
3,"2025-01-01 10:00:00",60,55,44,23.0045,82.3208,7.84021,263.964
4,"2025-01-01 11:00:00",74,35,40,26.4911,80.1584,6.9804,242.864
5,"2025-01-01 12:00:00",78,42,42,20.1302,81.6049,7.62847,262.717
6,"2025-01-01 13:00:00",69,37,42,23.058,83.3701,7.07345,251.055
7,"2025-01-01 14:00:00",69,55,38,22.7088,82.6394,5.70081,271.325
8,"2025-01-01 15:00:00",94,53,40,20.2777,82.8941,5.71863,241.974
9,"2025-01-01 16:00:00",89,54,38,24.5159,83.5352,6.68535,230.446
10,"2025-01-01 17:00:00",68,58,38,23.224,83.0332,6.33625,221.209
11,"2025-01-01 18:00:00",91,53,40,26.5272,81.4175,5.38617,264.615
12,"2025-01-01 19:00:00",90,46,42,23.979,81.4506,7.50283,250.083
13,"2025-01-01 20:00:00",78,58,44,26.8008,80.8868,5.10868,284.436
14,"2025-01-01 21:00:00",93,56,36,24.015,82.0569,6.98435,185.277
15,"2025-01-01 22:00:00",94,50,37,25.6659,80.6638,6.94802,209.587
16,"2025-01-01 23:00:00",60,48,39,24.2821,80.3003,7.0423,231.086
17,"2025-01-02 00:00:00",85,38,41,21.5871,82.7884,6.24905,276.655
18,"2025-01-02 01:00:00",91,35,39,23.7939,80.4182,6.97086,206.261
19,"2025-01-02 02:00:00",77,38,36,21.8653,80.1923,5.95393,224.555
20,"2025-01-02 03:00:00",88,35,40,23.5794,83.5876,5.85393,291.299
21,"2025-01-02 04:00:00",89,45,36,21.325,80.4748,6.44248,185.497
22,"2025-01-02 05:00:00",76,40,43,25.1575,83.1171,5.07018,231.384
23,"2025-01-02 06:00:00",67,59,41,21.9477,80.9738,6.01263,213.356
24,"2025-01-02 07:00:00",83,41,43,21.0525,82.6784,6.25403,233.108
25,"2025-01-02 08:00:00",98,47,37,23.4838,81.3326,7.37548,224.058
26,"2025-01-02 09:00:00",66,53,41,25.0756,80.5239,7.77891,257.004
27,"2025-01-02 10:00:00",97,59,43,26.3593,84.044,6.2865,271.359
28,"2025-01-02 11:00:00",97,50,41,24.5292,80.545,7.07096,260.263
29,"2025-01-02 12:00:00",60,49,44,20.7758,84.4977,6.24484,240.081
30,"2025-01-02 13:00:00",84,51,35,22.3016,80.6442,6.0433,197.979
31,"2025-01-02 14:00:00",73,57,41,21.4465,84.9438,5.82471,272.202
32,"2025-01-02 15:00:00",92,35,40,22.1793,80.3313,6.35739,200.088
33,"2025-01-02 16:00:00",85,37,39,24.5278,82.7369,6.36413,224.676
34,"2025-01-02 17:00:00",98,53,38,20.2671,81.639,5.01451,270.442
35,"2025-01-02 18:00:00",88,54,44,25.7354,83.8827,6.14941,233.132
36,"2025-01-02 19:00:00",95,55,42,26.7953,82.1481,5.95066,193.347
37,"2025-01-02 20:00:00",99,57,35,26.7575,81.1773,5.96037,272.3
38,"2025-01-02 21:00:00",95,39,36,23.8633,83.1525,5.5614,285.249
39,"2025-01-02 22:00:00",60,43,44,21.0194,82.9522,7.41624,298.402
40,"2025-01-02 23:00:00",63,44,41,24.173,83.7288,5.58337,257.034
41,"2025-01-03 00:00:00",62,42,36,22.7813,82.0672,6.43001,248.718
42,"2025-01-03 01:00:00",64,45,43,25.6298,83.5284,5.53488,209.9
43,"2025-01-03 02:00:00",83,60,36,25.597,80.1451,6.90399,200.835
44,"2025-01-03 03:00:00",82,40,40,23.8307,84.8136,6.27148,298.56
45,"2025-01-03 04:00:00",85,52,45,26.3136,82.367,7.22429,265.536
46,"2025-01-03 05:00:00",91,35,38,24.8973,80.5259,6.13429,183.679
47,"2025-01-03 06:00:00",76,49,42,24.9588,84.4796,5.20637,196.956
48,"2025-01-03 07:00:00",74,39,38,23.2411,84.592,7.78205,233.045
49,"2025-01-03 08:00:00",79,43,39,21.6663,80.7096,7.06278,210.814
50,"2025-01-03 09:00:00",88,55,45,24.6354,80.4136,7.73037,253.72
51,"2025-01-03 10:00:00",60,36,43,23.4312,83.0631,5.2862,219.905
52,"2025-01-03 11:00:00",76,60,39,20.0454,80.3478,6.76624,208.581
53,"2025-01-03 12:00:00",93,56,42,23.8572,82.2257,7.38276,195.095
54,"2025-01-03 13:00:00",65,60,43,21.972,81.8992,5.65817,227.364
55,"2025-01-03 14:00:00",95,52,36,26.2292,83.8363,5.54336,286.508
56,"2025-01-03 15:00:00",75,38,39,23.4468,84.7935,6.21511,283.934
57,"2025-01-03 16:00:00",74,54,38,25.6555,83.4702,7.12027,217.379
58,"2025-01-03 17:00:00",91,36,45,24.4435,82.4543,5.95065,267.976
59,"2025-01-03 18:00:00",71,46,40,20.2802,82.1235,7.23671,191.954
60,"2025-01-03 19:00:00",99,55,35,21.7238,80.239,6.5017,277.963
61,"2025-01-03 20:00:00",72,40,38,20.4145,82.208,7.59249,245.151
62,"2025-01-03 21:00:00",83,58,45,25.7553,83.5183,5.87535,245.663
63,"2025-01-03 22:00:00",93,58,38,20.6152,83.7735,6.9324,279.545
64,"2025-01-03 23:00:00",70,36,42,21.8411,80.7289,6.94621,202.384
65,"2025-01-04 00:00:00",76,47,42,20.0837,83.2911,5.73917,263.637
66,"2025-01-04 01:00:00",99,41,36,24.458,82.7484,6.73865,182.562
67,"2025-01-04 02:00:00",99,54,37,21.1435,80.335,5.59482,198.673
68,"2025-01-04 03:00:00",86,59,35,25.7872,82.1112,6.94664,243.512
69,"2025-01-04 04:00:00",69,46,41,23.6412,80.286,5.01214,263.11
70,"2025-01-04 05:00:00",91,56,37,23.4319,80.5689,6.36347,269.504
71,"2025-01-04 06:00:00",61,52,41,24.9767,83.8918,6.88043,204.8
72,"2025-01-04 07:00:00",67,45,38,22.7279,82.1707,7.30041,260.888
73,"2025-01-04 08:00:00",79,42,37,24.873,82.8402,6.58792,295.609
74,"2025-01-04 09:00:00",78,43,42,21.3238,83.0032,7.28374,192.32
75,"2025-01-04 10:00:00",75,54,36,26.2947,84.5692,7.02394,257.491
76,"2025-01-04 11:00:00",97,36,45,22.2287,81.8587,6.93908,278.079
77,"2025-01-04 12:00:00",67,47,44,26.7307,81.786,7.86847,280.404
78,"2025-01-04 13:00:00",73,35,38,24.8892,81.9793,5.00531,185.946
79,"2025-01-04 14:00:00",77,36,37,26.8844,81.4603,6.13613,194.577
80,"2025-01-04 15:00:00",81,41,38,22.6785,83.7287,7.52408,200.913
81,"2025-01-04 16:00:00",68,57,43,26.0887,80.3798,5.70694,182.904
82,"2025-01-04 17:00:00",72,45,35,25.4298,82.9468,5.75851,195.357
83,"2025-01-04 18:00:00",61,53,43,26.4032,81.0564,6.34961,223.367
84,"2025-01-04 19:00:00",67,43,39,26.0437,84.9691,5.99997,186.754
85,"2025-01-04 20:00:00",67,58,39,25.2827,80.5437,5.45359,220.116
86,"2025-01-04 21:00:00",66,60,38,22.0858,83.4704,6.37258,231.736
87,"2025-01-04 22:00:00",82,43,38,23.2862,81.4332,5.10559,242.317
88,"2025-01-04 23:00:00",84,50,44,25.4859,81.4063,5.93534,182.655
89,"2025-01-05 00:00:00",81,53,42,23.6758,81.0357,5.17782,233.703
90,"2025-01-05 01:00:00",91,50,40,20.8248,84.1342,6.46239,230.224
91,"2025-01-05 02:00:00",93,53,38,26.93,81.9141,7.06917,290.679
92,"2025-01-05 03:00:00",90,44,38,23.8351,83.8839,7.47313,241.201
93,"2025-01-05 04:00:00",81,45,35,26.5287,80.1227,6.15838,218.916
94,"2025-01-05 05:00:00",78,40,38,26.4643,83.8564,7.54987,248.226
95,"2025-01-05 06:00:00",60,51,36,22.6966,82.8109,6.02832,256.996
96,"2025-01-05 07:00:00",88,46,42,22.6832,83.4636,6.60499,194.265
97,"2025-01-05 08:00:00",93,47,37,21.5335,82.14,6.50034,295.925
98,"2025-01-05 09:00:00",60,55,45,21.4087,83.3293,5.93575,287.577
99,"2025-01-05 10:00:00",78,35,44,26.5435,84.6735,7.07266,183.622
100,"2025-01-05 11:00:00",65,37,40,23.3591,83.5951,5.33332,188.414
101,"2025-01-01 08:00:00",71,54,16,22.6136,63.6907,5.74991,87.7595
102,"2025-01-02 08:00:00",61,44,17,26.1002,71.5748,6.93176,102.266
103,"2025-01-03 08:00:00",80,43,16,23.5588,71.5935,6.65796,66.72
104,"2025-01-04 08:00:00",73,58,21,19.9722,57.6827,6.59606,60.6517
105,"2025-01-05 08:00:00",61,38,20,18.4789,62.695,5.97046,65.4384
106,"2025-01-06 08:00:00",68,41,16,21.7769,57.8084,6.15883,102.086
107,"2025-01-07 08:00:00",93,41,17,25.6217,66.5042,6.04791,105.465
108,"2025-01-08 08:00:00",89,60,19,25.1919,66.6903,5.91366,78.0664
109,"2025-01-09 08:00:00",76,44,17,20.4168,62.5542,5.85544,65.278
110,"2025-01-10 08:00:00",67,60,25,24.9216,66.7863,5.75026,109.216
111,"2025-01-11 08:00:00",70,44,19,23.3169,73.4542,5.85261,94.2971
112,"2025-01-12 08:00:00",90,49,21,24.8402,68.3585,6.47252,74.0547
113,"2025-01-13 08:00:00",62,52,16,22.2753,58.8402,6.96706,63.8702
114,"2025-01-14 08:00:00",92,44,16,18.8775,65.7682,6.08297,94.7619
115,"2025-01-15 08:00:00",66,54,21,25.1901,60.2002,5.91905,72.1238
116,"2025-01-16 08:00:00",63,58,22,18.2541,55.2822,6.20475,63.7236
117,"2025-01-17 08:00:00",70,47,17,24.6129,70.4162,6.60083,104.163
118,"2025-01-18 08:00:00",61,41,17,25.1421,65.2618,6.0219,76.6846
119,"2025-01-19 08:00:00",66,53,19,23.0935,60.1159,6.03355,65.4973
120,"2025-01-20 08:00:00",74,55,19,18.0503,62.8937,6.28887,84.2361
121,"2025-01-21 08:00:00",77,57,21,24.9322,73.8044,6.55056,79.7408
122,"2025-01-22 08:00:00",99,50,15,18.1471,71.0945,5.57329,88.0775
123,"2025-01-23 08:00:00",74,56,22,18.2836,66.6595,6.8292,80.9757
124,"2025-01-24 08:00:00",83,45,21,18.8334,58.7508,5.71622,79.7533
125,"2025-01-25 08:00:00",100,48,16,25.719,67.2219,5.5499,74.5149
126,"2025-01-26 08:00:00",79,51,16,25.338,68.4984,6.58624,96.4638
127,"2025-01-27 08:00:00",94,39,18,23.8911,57.4878,5.89309,102.83
128,"2025-01-28 08:00:00",75,49,15,21.5357,71.5091,5.91826,102.485
129,"2025-01-29 08:00:00",78,48,22,23.0897,63.1046,5.58865,70.4347
130,"2025-01-30 08:00:00",87,54,20,25.6171,63.4712,6.57642,108.83
131,"2025-01-31 08:00:00",87,35,25,21.4453,63.1622,6.17806,65.8895
132,"2025-02-01 08:00:00",63,43,19,18.5182,55.5313,6.64191,90.9881
133,"2025-02-02 08:00:00",84,57,25,22.5351,67.9926,6.48904,64.4087
134,"2025-02-03 08:00:00",64,35,23,23.0204,61.8947,5.68036,63.0384
135,"2025-02-04 08:00:00",60,46,22,24.8936,65.6142,6.6254,87.9298
136,"2025-02-05 08:00:00",98,44,21,25.7718,74.0891,6.52448,107.493
137,"2025-02-06 08:00:00",75,56,18,19.3985,62.3575,5.69621,60.952
138,"2025-02-07 08:00:00",86,55,21,21.5416,59.6402,6.80393,109.752
139,"2025-02-08 08:00:00",98,35,18,23.7975,74.8291,6.2528,91.7634
140,"2025-02-09 08:00:00",76,57,18,18.9803,74.526,6.09273,94.2625
141,"2025-02-10 08:00:00",99,56,17,24.1086,73.1311,6.23433,71.0756
142,"2025-02-11 08:00:00",60,44,23,24.7947,70.0456,5.72258,76.7286
143,"2025-02-12 08:00:00",74,48,17,21.6316,60.2777,6.43062,69.218
144,"2025-02-13 08:00:00",89,60,17,25.3755,57.2103,5.98395,101.7
145,"2025-02-14 08:00:00",69,51,23,22.2174,72.8546,6.80164,106.621
146,"2025-02-15 08:00:00",96,46,22,20.5831,69.0013,6.49994,66.2939
147,"2025-02-16 08:00:00",61,60,15,24.875,68.7425,6.26556,91.2606
148,"2025-02-17 08:00:00",74,58,18,20.0373,56.3561,6.7273,109.024
149,"2025-02-18 08:00:00",74,43,23,25.9526,61.8908,6.32524,99.5798
150,"2025-02-19 08:00:00",63,43,17,19.2889,65.4705,6.80749,71.3195
151,"2025-02-20 08:00:00",99,36,20,20.5798,65.3458,6.67109,78.346
152,"2025-02-21 08:00:00",77,36,23,24.7142,56.7343,6.64873,88.4536
153,"2025-02-22 08:00:00",87,60,23,20.2732,63.9128,6.43907,62.5035
154,"2025-02-23 08:00:00",60,38,17,18.4193,64.2358,6.47448,76.4131
155,"2025-02-24 08:00:00",94,54,17,23.3913,61.7443,5.87165,107.32
156,"2025-02-25 08:00:00",95,38,22,19.8494,61.245,5.73062,100.769
157,"2025-02-26 08:00:00",84,44,21,21.8693,61.9104,5.85044,107.268
158,"2025-02-27 08:00:00",77,58,19,22.8056,56.5077,5.79165,101.595
159,"2025-02-28 08:00:00",66,44,20,19.0781,69.023,6.74,80.7252
160,"2025-03-01 08:00:00",63,35,16,22.0272,65.3555,6.27242,83.7328
161,"2025-03-02 08:00:00",79,45,20,23.8055,59.2454,5.71521,89.9622
162,"2025-03-03 08:00:00",72,60,25,18.5251,69.0276,5.77345,88.1023
163,"2025-03-04 08:00:00",67,51,24,23.503,61.3203,5.58417,64.7779
164,"2025-03-05 08:00:00",86,36,24,26.5499,72.8919,5.78727,73.3364
165,"2025-03-06 08:00:00",76,48,18,19.2956,69.6348,5.77598,83.2103
166,"2025-03-07 08:00:00",75,53,18,20.689,59.4375,6.86479,103.651
167,"2025-03-08 08:00:00",81,45,23,19.3267,68.0345,6.19236,84.2297
168,"2025-03-09 08:00:00",73,45,21,24.6053,73.5887,6.6368,96.5919
169,"2025-03-10 08:00:00",71,35,24,22.2737,59.5219,5.82643,67.967
170,"2025-03-11 08:00:00",96,54,22,25.702,61.3345,6.96036,83.2071
171,"2025-03-12 08:00:00",99,39,18,19.2013,68.3058,6.11275,87.8509
172,"2025-03-13 08:00:00",62,48,20,21.7018,60.4747,6.70845,95.7139
173,"2025-03-14 08:00:00",86,37,16,20.5172,59.2124,5.56151,67.6101
174,"2025-03-15 08:00:00",94,50,19,23.3036,73.6255,5.87324,97.5908
175,"2025-03-16 08:00:00",76,39,24,24.2547,55.6471,6.99584,64.2385
176,"2025-03-17 08:00:00",77,52,17,24.8637,65.742,5.7148,75.8227
177,"2025-03-18 08:00:00",74,39,23,22.6265,65.7747,6.78074,88.1725
178,"2025-03-19 08:00:00",81,49,20,18.0419,60.6149,5.5137,104.232
179,"2025-03-20 08:00:00",63,42,21,23.2624,72.3313,5.79842,67.1022
180,"2025-03-21 08:00:00",99,38,21,22.8833,71.5972,6.35247,67.7278
181,"2025-03-22 08:00:00",90,52,25,25.9748,69.3639,6.82259,103.223
182,"2025-03-23 08:00:00",68,40,19,26.1438,66.2057,6.65543,107.236
183,"2025-03-24 08:00:00",60,57,24,18.6612,61.5533,6.12129,75.0325
184,"2025-03-25 08:00:00",71,52,18,25.1079,55.9773,5.79077,78.1608
185,"2025-03-26 08:00:00",61,59,17,23.3384,59.2458,6.47444,105.008
186,"2025-03-27 08:00:00",88,38,15,25.0824,65.922,6.45512,62.4919
187,"2025-03-28 08:00:00",65,60,22,25.3677,72.5205,6.60698,107.912
188,"2025-03-29 08:00:00",78,37,22,25.3422,63.318,6.33055,74.5208
189,"2025-03-30 08:00:00",78,58,15,25.0093,67.8166,6.52863,62.9136
190,"2025-03-31 08:00:00",92,60,23,18.6675,71.5165,5.72167,69.9329
191,"2025-04-01 08:00:00",79,59,17,20.38,63.7385,6.64421,108.505
192,"2025-04-02 08:00:00",91,55,15,18.093,72.6102,6.37665,78.9616
193,"2025-04-03 08:00:00",76,51,18,26.1699,71.9625,6.24704,79.8493
194,"2025-04-04 08:00:00",87,48,25,18.654,61.3788,6.65673,93.6204
195,"2025-04-05 08:00:00",71,60,22,26.0747,59.3715,6.2048,85.7569
196,"2025-04-06 08:00:00",90,57,24,18.9285,72.8009,6.15886,82.3416
197,"2025-04-07 08:00:00",67,35,22,23.3055,63.2465,6.38568,108.76
198,"2025-04-08 08:00:00",60,54,19,18.7483,62.4988,6.41782,70.234
199,"2025-04-09 08:00:00",83,58,23,19.7421,59.6626,6.3812,65.5086
200,"2025-04-10 08:00:00",83,57,19,25.7304,70.7474,6.87787,98.7377
201,"2025-01-01 08:00:00",40,72,77,17.025,16.9886,7.486,88.5512
202,"2025-01-02 08:00:00",23,72,84,19.0206,17.1316,6.92025,79.927
203,"2025-01-03 08:00:00",39,58,85,17.8878,15.4059,5.99693,68.5493
204,"2025-01-04 08:00:00",22,72,85,18.8681,15.6581,6.39117,88.5105
205,"2025-01-05 08:00:00",36,67,77,18.3695,19.5638,7.15281,79.2636
206,"2025-01-06 08:00:00",32,73,81,20.4508,15.4031,5.98899,92.6837
207,"2025-01-07 08:00:00",58,70,84,20.6543,16.6082,6.23105,74.6631
208,"2025-01-08 08:00:00",59,70,84,17.3349,18.7493,7.55081,82.6173
209,"2025-01-09 08:00:00",42,62,75,18.1791,18.9043,7.01057,81.85
210,"2025-01-10 08:00:00",28,74,81,18.0127,18.3097,8.7538,81.9857
211,"2025-01-11 08:00:00",58,66,79,20.9937,19.3347,8.71819,93.5528
212,"2025-01-12 08:00:00",43,66,79,19.4623,15.2254,7.97661,74.5856
213,"2025-01-13 08:00:00",58,63,81,19.8134,14.6977,6.5155,78.9651
214,"2025-01-14 08:00:00",23,62,85,18.9742,19.5161,8.49013,80.7109
215,"2025-01-15 08:00:00",27,62,77,18.1974,14.7107,6.57642,70.1819
216,"2025-01-16 08:00:00",28,72,84,18.7296,19.182,6.48178,71.5801
217,"2025-01-17 08:00:00",50,56,76,20.995,19.8601,7.96661,73.5073
218,"2025-01-18 08:00:00",39,71,84,20.2816,16.3954,8.14083,82.5234
219,"2025-01-19 08:00:00",25,78,76,17.4804,15.7559,7.22896,66.9698
220,"2025-01-20 08:00:00",31,70,77,20.8882,14.3231,6.49255,90.4623
221,"2025-01-21 08:00:00",26,80,83,17.085,16.1457,7.5286,71.3101
222,"2025-01-22 08:00:00",25,68,77,20.0934,15.1128,7.70145,85.749
223,"2025-01-23 08:00:00",31,78,76,17.5721,14.9993,8.51998,89.3105
224,"2025-01-24 08:00:00",60,68,83,19.1207,18.4348,6.6209,85.5295
225,"2025-01-25 08:00:00",59,62,83,18.5767,19.2201,8.1044,72.9494
226,"2025-01-26 08:00:00",22,67,78,17.1661,14.4246,6.20409,72.3267
227,"2025-01-27 08:00:00",36,65,80,18.2872,16.6792,6.05109,74.8745
228,"2025-01-28 08:00:00",59,60,84,19.0303,18.6673,7.69096,94.7099
229,"2025-01-29 08:00:00",54,77,85,17.1419,17.0662,7.82921,83.7461
230,"2025-01-30 08:00:00",43,68,81,17.4781,17.9325,6.7616,78.9206
231,"2025-01-31 08:00:00",28,76,82,20.566,14.258,6.65443,83.7594
232,"2025-02-01 08:00:00",42,79,85,17.2239,15.8207,6.12953,76.5758
233,"2025-02-02 08:00:00",32,60,83,19.6914,19.4423,8.82927,91.7607
234,"2025-02-03 08:00:00",22,78,76,17.8485,19.0917,8.62166,76.3247
235,"2025-02-04 08:00:00",31,79,75,18.8202,16.1075,8.20486,89.7312
236,"2025-02-05 08:00:00",28,58,81,17.475,16.5431,6.18043,93.3503
237,"2025-02-06 08:00:00",57,58,77,18.7265,17.5841,7.979,81.2018
238,"2025-02-07 08:00:00",49,55,78,18.6558,16.1777,7.86311,81.7077
239,"2025-02-08 08:00:00",46,76,77,18.2357,19.6854,6.96784,83.7488
240,"2025-02-09 08:00:00",54,61,77,18.812,15.2162,6.20658,77.5429
241,"2025-02-10 08:00:00",38,60,76,18.6505,17.8085,8.86874,77.928
242,"2025-02-11 08:00:00",59,55,79,20.3672,16.8957,8.76613,82.2546
243,"2025-02-12 08:00:00",36,76,75,18.3812,16.6381,8.73634,70.5206
244,"2025-02-13 08:00:00",57,68,81,17.1701,17.3046,8.0811,72.7862
245,"2025-02-14 08:00:00",35,66,81,19.371,15.7746,6.13824,85.2482
246,"2025-02-15 08:00:00",35,64,78,17.9285,14.2733,7.49665,85.3738
247,"2025-02-16 08:00:00",52,60,79,19.4534,18.2349,8.38019,75.6318
248,"2025-02-17 08:00:00",27,76,83,19.1283,14.9224,6.28961,89.6186
249,"2025-02-18 08:00:00",57,60,84,19.1034,17.2618,6.58678,75.491
250,"2025-02-19 08:00:00",52,68,78,17.485,16.9607,6.89655,86.0508
251,"2025-02-20 08:00:00",43,79,79,19.4075,18.9803,7.80675,80.2506
252,"2025-02-21 08:00:00",44,74,85,20.1865,19.6372,7.15068,78.2604
253,"2025-02-22 08:00:00",24,55,78,17.3029,15.1541,6.6492,75.5779
254,"2025-02-23 08:00:00",29,77,75,17.5036,15.4808,7.77859,72.9447
255,"2025-02-24 08:00:00",20,60,78,18.1723,14.7009,6.35874,90.7761
256,"2025-02-25 08:00:00",56,67,78,17.5745,16.7183,8.25545,77.8189
257,"2025-02-26 08:00:00",37,66,85,20.9318,18.913,6.45615,78.0691
258,"2025-02-27 08:00:00",49,71,76,19.711,17.6388,6.61307,85.5793
259,"2025-02-28 08:00:00",59,69,80,19.0794,17.8675,8.16536,69.4062
260,"2025-03-01 08:00:00",20,79,77,18.5499,16.0254,7.64867,76.3257
261,"2025-03-02 08:00:00",24,56,85,18.199,17.4133,6.54589,80.6405
262,"2025-03-03 08:00:00",51,72,75,18.8885,14.9945,7.10422,80.1113
263,"2025-03-04 08:00:00",57,73,85,18.4931,14.7212,7.3581,91.946
264,"2025-03-05 08:00:00",22,64,82,19.4897,17.1726,6.47402,87.5131
265,"2025-03-06 08:00:00",52,73,79,17.2577,18.7494,7.84034,94.0029
266,"2025-03-07 08:00:00",29,75,75,19.6242,18.7148,7.06479,88.4586
267,"2025-03-08 08:00:00",44,59,78,20.6753,19.8539,7.59903,84.7834
268,"2025-03-09 08:00:00",41,69,82,20.0238,16.6329,6.71559,68.9781
269,"2025-03-10 08:00:00",52,56,85,20.1187,14.4423,6.81712,88.6817
270,"2025-03-11 08:00:00",34,76,80,20.6569,15.8457,7.98542,65.2381
271,"2025-03-12 08:00:00",42,74,83,19.2583,14.2804,7.54526,65.7804
272,"2025-03-13 08:00:00",34,71,79,17.9278,15.8562,7.729,74.6387
273,"2025-03-14 08:00:00",27,73,79,19.1629,15.835,7.35497,82.6977
274,"2025-03-15 08:00:00",30,70,79,20.2694,19.9698,7.31312,69.6445
275,"2025-03-16 08:00:00",57,57,75,17.091,18.2514,7.78504,87.2745
276,"2025-03-17 08:00:00",27,79,82,17.0658,17.5402,6.307,70.8715
277,"2025-03-18 08:00:00",32,71,85,20.6277,14.4401,6.40398,92.0663
278,"2025-03-19 08:00:00",31,76,82,20.8248,17.8506,7.59928,79.2051
279,"2025-03-20 08:00:00",33,75,84,19.4621,18.7283,7.21702,68.814
280,"2025-03-21 08:00:00",47,80,77,17.1825,16.4289,7.56111,72.8502
281,"2025-03-22 08:00:00",54,62,80,17.4891,16.3906,7.48954,79.4576
282,"2025-03-23 08:00:00",47,79,78,17.484,14.7601,6.6097,65.1137
283,"2025-03-24 08:00:00",35,57,83,19.4832,17.4453,7.4768,80.4986
284,"2025-03-25 08:00:00",53,73,77,19.7136,18.0967,7.32545,73.6448
285,"2025-03-26 08:00:00",45,61,78,19.4865,16.0624,6.48939,81.5284
286,"2025-03-27 08:00:00",37,78,79,19.9526,14.8263,7.78637,88.681
287,"2025-03-28 08:00:00",30,75,81,19.4179,16.8047,6.40844,68.4951
288,"2025-03-29 08:00:00",37,55,82,19.4559,18.0224,8.42387,78.4491
289,"2025-03-30 08:00:00",53,65,76,20.1914,16.42,8.71996,77.338
290,"2025-03-31 08:00:00",22,60,85,18.8393,14.7407,7.812,94.7819
291,"2025-04-01 08:00:00",60,61,78,20.7122,19.8364,6.31715,94.0366
292,"2025-04-02 08:00:00",42,67,77,18.9942,15.9363,7.11441,78.6971
293,"2025-04-03 08:00:00",39,76,76,19.9684,15.5732,8.1359,69.1576
294,"2025-04-04 08:00:00",35,63,76,17.8156,17.6076,7.71415,90.821
295,"2025-04-05 08:00:00",30,65,82,20.7142,15.2782,7.1038,76.7789
296,"2025-04-06 08:00:00",57,56,78,17.3415,18.7563,8.86148,67.9545
297,"2025-04-07 08:00:00",48,65,78,17.4373,14.3385,7.86113,73.0927
298,"2025-04-08 08:00:00",36,56,83,18.8978,19.7618,7.45267,69.0951
299,"2025-04-09 08:00:00",40,58,75,18.5919,14.7796,7.1681,89.6098
300,"2025-04-10 08:00:00",49,69,82,18.3156,15.3614,7.26312,81.7871
301,"2025-01-01 08:00:00",13,60,25,17.1369,20.5954,5.68597,128.257
302,"2025-01-02 08:00:00",25,70,16,19.6347,18.9071,5.75924,106.36
303,"2025-01-03 08:00:00",31,55,22,22.9135,21.3395,5.87317,109.226
304,"2025-01-04 08:00:00",40,64,16,16.4334,24.2405,5.92668,140.372
305,"2025-01-05 08:00:00",2,61,20,22.1397,23.0225,5.95562,76.6413
306,"2025-01-06 08:00:00",26,65,22,17.8481,18.7762,5.94995,143.098
307,"2025-01-07 08:00:00",17,57,21,19.8839,20.3156,5.78921,60.9197
308,"2025-01-08 08:00:00",26,80,18,19.3251,23.3335,5.58102,104.778
309,"2025-01-09 08:00:00",17,59,17,18.4167,23.4283,5.68986,132.98
310,"2025-01-10 08:00:00",27,59,22,21.8117,23.2059,5.79416,130.061
311,"2025-01-11 08:00:00",28,58,24,19.727,18.2817,5.74819,143.763
312,"2025-01-12 08:00:00",25,57,19,17.1543,19.8707,5.56652,87.9967
313,"2025-01-13 08:00:00",28,80,17,19.6221,18.6717,5.80942,144.157
314,"2025-01-14 08:00:00",25,60,22,21.6315,21.1792,5.88726,134.365
315,"2025-01-15 08:00:00",12,78,23,16.0652,18.7248,5.99812,88.0664
316,"2025-01-16 08:00:00",6,77,25,20.6116,24.3631,5.79274,69.6383
317,"2025-01-17 08:00:00",22,79,17,21.4245,20.3966,5.91229,116.521
318,"2025-01-18 08:00:00",27,80,15,19.071,21.2109,5.78839,86.2192
319,"2025-01-19 08:00:00",10,55,23,21.1885,19.6344,5.72823,137.195
320,"2025-01-20 08:00:00",23,65,20,23.0429,22.4261,5.83394,108.368
321,"2025-01-21 08:00:00",19,78,16,20.6538,23.1054,5.96753,67.7177
322,"2025-01-22 08:00:00",19,65,25,18.0955,18.2932,5.6251,144.79
323,"2025-01-23 08:00:00",22,70,19,18.2378,21.0764,5.51561,69.4495
324,"2025-01-24 08:00:00",37,64,22,17.4819,18.8252,5.95467,121.94
325,"2025-01-25 08:00:00",11,71,17,19.9192,21.4732,5.74645,82.6855
326,"2025-01-26 08:00:00",18,79,20,20.2751,23.2354,5.87735,139.752
327,"2025-01-27 08:00:00",21,63,17,15.7737,19.2303,5.97997,108.344
328,"2025-01-28 08:00:00",24,80,22,16.7117,19.1765,5.63599,96.7729
329,"2025-01-29 08:00:00",34,60,22,17.6615,18.153,5.63523,100.671
330,"2025-01-30 08:00:00",16,75,21,18.5069,23.6167,5.67922,87.0513
331,"2025-01-31 08:00:00",17,77,23,24.5132,20.8153,5.67006,64.195
332,"2025-02-01 08:00:00",37,72,18,18.8762,24.5404,5.72424,105.412
333,"2025-02-02 08:00:00",40,73,20,21.5934,20.3187,5.81131,61.1387
334,"2025-02-03 08:00:00",9,77,17,20.1237,24.452,5.78343,106.158
335,"2025-02-04 08:00:00",1,62,23,15.4355,18.3748,5.60781,139.03
336,"2025-02-05 08:00:00",33,59,22,22.6424,21.594,5.947,122.389
337,"2025-02-06 08:00:00",23,59,19,21.9856,24.873,5.85205,129.565
338,"2025-02-07 08:00:00",6,62,22,20.5305,18.0922,5.82409,120.451
339,"2025-02-08 08:00:00",25,63,20,15.786,21.1454,5.503,95.1703
340,"2025-02-09 08:00:00",7,79,23,19.6365,19.6875,5.82165,96.6589
341,"2025-02-10 08:00:00",8,72,17,20.5734,19.752,5.71144,87.8787
342,"2025-02-11 08:00:00",27,64,15,20.1608,24.8421,5.51493,138.236
343,"2025-02-12 08:00:00",28,66,23,21.5399,24.2539,5.99616,120.691
344,"2025-02-13 08:00:00",32,57,18,15.5383,23.7556,5.69542,107.385
345,"2025-02-14 08:00:00",27,56,22,19.9185,20.701,5.83301,108.643
346,"2025-02-15 08:00:00",17,77,24,20.7695,18.9315,5.56846,109.019
347,"2025-02-16 08:00:00",0,65,15,23.4617,23.222,5.64544,95.8425
348,"2025-02-17 08:00:00",13,72,21,24.3212,21.0279,5.82119,60.2755
349,"2025-02-18 08:00:00",34,60,23,20.1257,24.9697,5.65926,100.05
350,"2025-02-19 08:00:00",9,80,19,21.8062,18.5709,5.94547,125.097
351,"2025-02-20 08:00:00",11,72,20,19.5223,24.9261,5.95118,113.334
352,"2025-02-21 08:00:00",3,67,24,17.0007,19.9079,5.52088,103.293
353,"2025-02-22 08:00:00",35,69,23,16.7879,24.9688,5.57841,75.4533
354,"2025-02-23 08:00:00",3,77,25,24.8491,22.8946,5.60817,62.2129
355,"2025-02-24 08:00:00",23,62,19,16.5178,20.4556,5.60944,98.7779
356,"2025-02-25 08:00:00",22,71,17,18.153,19.386,5.5093,107.691
357,"2025-02-26 08:00:00",31,79,25,23.1886,22.3105,5.90203,63.3821
358,"2025-02-27 08:00:00",34,59,18,23.38,21.9888,5.74412,87.669
359,"2025-02-28 08:00:00",12,63,17,18.3589,19.377,5.71714,138.415
360,"2025-03-01 08:00:00",27,56,20,19.2598,20.5135,5.54269,94.9534
361,"2025-03-02 08:00:00",7,63,24,22.9546,24.0355,5.85862,107.732
362,"2025-03-03 08:00:00",24,67,22,20.12,22.8985,5.61884,104.625
363,"2025-03-04 08:00:00",11,71,24,21.1401,22.7182,5.60662,141.606
364,"2025-03-05 08:00:00",37,74,15,24.9236,18.2259,5.58218,62.7089
365,"2025-03-06 08:00:00",25,76,24,15.3304,24.9151,5.56504,135.332
366,"2025-03-07 08:00:00",34,66,17,18.811,21.2783,5.88961,125.085
367,"2025-03-08 08:00:00",20,69,15,23.4426,22.7726,5.93414,107.414
368,"2025-03-09 08:00:00",37,65,16,22.8352,18.9727,5.68355,63.5928
369,"2025-03-10 08:00:00",18,74,15,24.9036,22.2751,5.70837,146.473
370,"2025-03-11 08:00:00",4,67,25,23.7871,24.3568,5.94816,119.64
371,"2025-03-12 08:00:00",37,56,25,22.0559,19.6038,5.77476,126.727
372,"2025-03-13 08:00:00",5,59,15,18.8749,20.1824,5.97229,134.181
373,"2025-03-14 08:00:00",11,61,21,18.6233,23.0241,5.5321,135.338
374,"2025-03-15 08:00:00",22,80,20,23.0088,18.8688,5.66956,100.119
375,"2025-03-16 08:00:00",12,61,19,19.3316,24.1399,5.65573,68.5125
376,"2025-03-17 08:00:00",5,74,21,16.2447,21.3579,5.5917,66.9705
377,"2025-03-18 08:00:00",27,69,22,17.9165,24.9081,5.93232,69.1468
378,"2025-03-19 08:00:00",31,75,18,15.4679,21.4378,5.82421,88.888
379,"2025-03-20 08:00:00",36,68,20,17.061,23.772,5.86443,81.8342
380,"2025-03-21 08:00:00",5,65,16,21.3278,18.4852,5.86674,109.101
381,"2025-03-22 08:00:00",32,79,15,23.9091,20.7462,5.7062,81.6021
382,"2025-03-23 08:00:00",11,78,22,23.8976,22.7438,5.94055,112.662
383,"2025-03-24 08:00:00",0,55,22,22.9867,20.5794,5.91678,143.858
384,"2025-03-25 08:00:00",14,59,15,21.3514,22.9124,5.77909,146.455
385,"2025-03-26 08:00:00",29,68,23,24.1638,19.2791,5.82738,116.732
386,"2025-03-27 08:00:00",32,68,19,24.6284,18.1833,5.51423,149.744
387,"2025-03-28 08:00:00",17,64,17,21.0221,24.939,5.6627,124.612
388,"2025-03-29 08:00:00",13,69,19,17.3084,20.0173,5.8639,115.199
389,"2025-03-30 08:00:00",14,67,22,23.8258,24.7549,5.62469,84.6414
390,"2025-03-31 08:00:00",9,69,20,19.3061,23.9636,5.59156,129.345
391,"2025-04-01 08:00:00",20,73,22,16.0377,22.332,5.97631,130.39
392,"2025-04-02 08:00:00",40,78,20,19.1857,20.834,5.66924,80.1529
393,"2025-04-03 08:00:00",27,72,23,19.9289,21.7999,5.96193,64.0264
394,"2025-04-04 08:00:00",14,67,15,19.5638,24.6739,5.69007,139.292
395,"2025-04-05 08:00:00",7,56,18,18.3136,24.3299,5.69837,76.1415
396,"2025-04-06 08:00:00",27,65,18,20.1099,23.2232,5.59503,73.3639
397,"2025-04-07 08:00:00",30,63,16,23.6051,21.9054,5.5259,100.598
398,"2025-04-08 08:00:00",37,70,25,19.7314,24.8949,5.8194,84.0635
399,"2025-04-09 08:00:00",27,63,19,20.9341,21.1893,5.5622,133.191
400,"2025-04-10 08:00:00",22,60,24,18.7823,20.2477,5.63066,104.257
401,"2025-01-01 08:00:00",3,72,24,36.5127,57.9289,6.03161,122.654
402,"2025-01-02 08:00:00",40,59,23,36.8916,62.7318,5.26908,163.727
403,"2025-01-03 08:00:00",33,73,23,29.2354,59.3897,5.98579,103.33
404,"2025-01-04 08:00:00",27,57,24,27.3353,43.358,6.09186,142.33
405,"2025-01-05 08:00:00",10,79,18,21.0644,55.4699,5.62473,184.623
406,"2025-01-06 08:00:00",30,75,25,30.3328,42.3525,6.44609,149.3
407,"2025-01-07 08:00:00",40,70,20,31.8013,45.0319,5.62349,147.036
408,"2025-01-08 08:00:00",38,55,19,33.1818,38.2318,5.86462,198.83
409,"2025-01-09 08:00:00",35,58,20,29.3854,63.4774,5.7617,90.0542
410,"2025-01-10 08:00:00",38,61,21,30.2738,67.3868,4.69652,127.777
411,"2025-01-11 08:00:00",33,58,24,35.4579,68.7581,5.2695,108.633
412,"2025-01-12 08:00:00",16,56,17,33.8002,40.0326,7.44545,176.617
413,"2025-01-13 08:00:00",31,72,17,28.6918,49.4723,5.83303,96.3622
414,"2025-01-14 08:00:00",16,80,20,31.2402,56.6737,7.33932,122.015
415,"2025-01-15 08:00:00",27,72,17,28.9804,57.2327,6.34793,120.744
416,"2025-01-16 08:00:00",40,62,19,27.322,34.1374,4.69775,96.5152
417,"2025-01-17 08:00:00",18,58,16,21.4761,38.8002,4.96266,180.382
418,"2025-01-18 08:00:00",3,68,16,18.3191,34.6978,4.96489,107.472
419,"2025-01-19 08:00:00",26,67,24,36.9779,37.7399,5.64281,161.481
420,"2025-01-20 08:00:00",16,70,20,24.8047,40.1243,5.6094,121.564
421,"2025-01-21 08:00:00",24,63,19,19.3479,55.9681,4.68158,194.592
422,"2025-01-22 08:00:00",9,76,25,28.883,50.1232,5.70951,179.216
423,"2025-01-23 08:00:00",16,55,19,19.5431,47.1919,6.41354,192.437
424,"2025-01-24 08:00:00",28,75,21,24.7742,50.5462,6.00751,114.282
425,"2025-01-25 08:00:00",16,71,24,18.3312,38.4098,4.94637,139.648
426,"2025-01-26 08:00:00",24,70,21,19.1473,45.3734,5.51721,132.775
427,"2025-01-27 08:00:00",38,72,21,28.2342,49.4421,5.9021,186.501
428,"2025-01-28 08:00:00",9,66,21,30.1181,34.1331,5.71989,157.086
429,"2025-01-29 08:00:00",34,56,17,33.4127,35.4291,4.5482,139.67
430,"2025-01-30 08:00:00",1,76,19,24.1855,46.6875,6.66953,177.338
431,"2025-01-31 08:00:00",6,69,19,26.8863,41.6962,4.75093,94.4675
432,"2025-02-01 08:00:00",26,73,21,31.3317,57.9743,4.94626,161.782
433,"2025-02-02 08:00:00",27,61,18,33.3071,67.0778,5.26623,108.509
434,"2025-02-03 08:00:00",27,71,23,23.4538,46.4871,7.1096,150.871
435,"2025-02-04 08:00:00",36,61,21,34.5382,39.0447,5.61701,168.595
436,"2025-02-05 08:00:00",17,73,18,19.5011,34.5109,5.63235,197.375
437,"2025-02-06 08:00:00",26,72,22,28.7679,37.5779,4.67494,91.7208
438,"2025-02-07 08:00:00",17,64,16,30.9776,32.2491,7.1618,180.717
439,"2025-02-08 08:00:00",14,74,19,18.3976,36.8264,6.62497,93.1233
440,"2025-02-09 08:00:00",39,60,15,35.0936,30.9869,5.00407,116.911
441,"2025-02-10 08:00:00",6,66,15,34.9317,30.4005,6.34581,159.265
442,"2025-02-11 08:00:00",8,59,18,29.5052,35.7203,6.21681,187.896
443,"2025-02-12 08:00:00",2,67,18,34.5193,47.5298,5.92167,129.006
444,"2025-02-13 08:00:00",1,76,17,28.4343,52.1001,6.01272,147.041
445,"2025-02-14 08:00:00",16,73,19,18.4165,34.8054,4.68408,163.275
446,"2025-02-15 08:00:00",23,75,25,31.0751,47.1985,7.07717,91.3126
447,"2025-02-16 08:00:00",32,70,20,20.8934,46.2486,6.20884,195.57
448,"2025-02-17 08:00:00",28,59,22,30.9061,52.7991,7.05182,170.992
449,"2025-02-18 08:00:00",5,62,23,27.9348,66.4546,4.72222,145.373
450,"2025-02-19 08:00:00",36,67,25,35.9518,36.5278,6.41806,136.046
451,"2025-02-20 08:00:00",1,66,23,19.5432,56.9283,4.80356,173.169
452,"2025-02-21 08:00:00",24,73,20,19.6374,32.3153,4.6087,176.413
453,"2025-02-22 08:00:00",17,67,18,31.2193,56.4687,5.61151,129.203
454,"2025-02-23 08:00:00",5,55,18,33.5088,45.7098,7.3221,126.674
455,"2025-02-24 08:00:00",5,56,24,24.8071,45.0111,5.02312,188.493
456,"2025-02-25 08:00:00",37,77,17,36.2097,31.9455,5.61712,191.066
457,"2025-02-26 08:00:00",13,73,20,30.5042,35.4889,5.39156,162.593
458,"2025-02-27 08:00:00",6,63,23,26.0163,49.947,5.9066,160.334
459,"2025-02-28 08:00:00",16,77,22,31.4847,35.6396,6.57421,100.547
460,"2025-03-01 08:00:00",25,64,20,33.1512,32.4597,4.80778,105.038
461,"2025-03-02 08:00:00",34,75,24,23.5022,51.2902,4.76004,192.302
462,"2025-03-03 08:00:00",20,77,23,34.8725,38.8379,5.18027,148.25
463,"2025-03-04 08:00:00",35,80,25,28.0927,44.9332,4.89593,197.114
464,"2025-03-05 08:00:00",14,75,24,24.5476,57.3414,6.43616,118.361
465,"2025-03-06 08:00:00",36,80,21,33.6477,48.4149,7.06609,100.467
466,"2025-03-07 08:00:00",7,77,18,20.5591,60.5488,6.65592,191.09
467,"2025-03-08 08:00:00",29,78,25,19.9599,59.3316,5.98285,195.787
468,"2025-03-09 08:00:00",30,60,21,28.8767,62.4901,5.45787,182.269
469,"2025-03-10 08:00:00",20,74,16,36.0435,43.6144,4.75949,159.894
470,"2025-03-11 08:00:00",19,57,23,23.6734,47.288,7.34241,141.125
471,"2025-03-12 08:00:00",3,60,19,25.7468,40.7193,4.82079,100.779
472,"2025-03-13 08:00:00",5,77,19,31.0856,66.6883,6.24205,175.93
473,"2025-03-14 08:00:00",5,68,20,18.7299,61.3319,5.00104,139.871
474,"2025-03-15 08:00:00",37,73,21,29.503,63.4651,5.56022,189.521
475,"2025-03-16 08:00:00",9,59,24,20.4352,39.3725,4.74735,137.228
476,"2025-03-17 08:00:00",20,72,15,36.0042,56.0133,7.31352,134.86
477,"2025-03-18 08:00:00",31,56,23,31.4685,35.3945,5.66183,174.572
478,"2025-03-19 08:00:00",0,70,21,36.3005,56.0302,4.67244,101.607
479,"2025-03-20 08:00:00",21,74,15,29.491,67.106,6.47186,153.25
480,"2025-03-21 08:00:00",13,67,18,30.5753,34.7559,5.38476,177.576
481,"2025-03-22 08:00:00",27,74,20,24.6949,59.9667,5.85981,91.9579
482,"2025-03-23 08:00:00",29,72,24,23.1741,36.6785,6.96239,162.593
483,"2025-03-24 08:00:00",5,68,20,19.0438,33.107,6.12167,155.371
484,"2025-03-25 08:00:00",39,57,19,29.3238,45.9325,6.42175,165.411
485,"2025-03-26 08:00:00",22,62,16,34.6455,54.3234,4.82894,180.901
486,"2025-03-27 08:00:00",18,55,23,21.999,56.3101,6.98572,136.827
487,"2025-03-28 08:00:00",39,77,21,22.9977,60.2422,4.60356,159.689
488,"2025-03-29 08:00:00",13,75,20,30.5599,35.2901,6.97954,178.9
489,"2025-03-30 08:00:00",27,71,24,31.4642,48.1763,7.06497,165.405
490,"2025-03-31 08:00:00",26,64,22,25.9506,40.5823,5.16516,109.182
491,"2025-04-01 08:00:00",23,55,16,21.0114,69.6914,5.11149,185.204
492,"2025-04-02 08:00:00",4,69,19,19.251,47.7035,5.37436,149.063
493,"2025-04-03 08:00:00",20,67,19,19.2446,50.545,5.67142,180.647
494,"2025-04-04 08:00:00",7,74,17,22.4725,62.5653,5.66742,96.7471
495,"2025-04-05 08:00:00",17,64,18,36.7509,58.258,6.07938,124.603
496,"2025-04-06 08:00:00",35,71,17,29.8929,66.3538,6.93192,198.14
497,"2025-04-07 08:00:00",11,72,22,29.3774,44.8229,6.84274,172.402
498,"2025-04-08 08:00:00",20,60,22,29.6505,42.8983,6.87657,186.923
499,"2025-04-09 08:00:00",10,71,18,19.5428,66.3478,6.15103,173.111
500,"2025-04-10 08:00:00",33,61,24,20.0461,48.9391,4.56745,122.456
501,"2025-01-01 08:00:00",3,49,18,27.911,64.7093,3.69286,32.6789
502,"2025-01-02 08:00:00",22,59,23,27.3222,51.2787,4.37175,36.5038
503,"2025-01-03 08:00:00",36,58,25,28.6602,59.3189,8.39914,36.9263
504,"2025-01-04 08:00:00",4,43,18,29.0296,61.0939,8.84066,72.9802
505,"2025-01-05 08:00:00",29,54,16,27.7803,54.6503,8.15302,32.0503
506,"2025-01-06 08:00:00",32,43,22,31.9993,54.1077,5.27075,71.6267
507,"2025-01-07 08:00:00",14,55,15,27.3358,55.2776,8.0503,73.4478
508,"2025-01-08 08:00:00",5,35,20,28.9295,53.5701,9.67924,66.3563
509,"2025-01-09 08:00:00",25,57,24,27.6547,58.5999,6.97498,36.9426
510,"2025-01-10 08:00:00",11,53,24,28.524,55.7726,7.3939,61.3294
511,"2025-01-11 08:00:00",40,49,17,31.0222,45.8924,6.68728,53.5678
512,"2025-01-12 08:00:00",38,56,25,25.741,45.385,7.88119,67.4349
513,"2025-01-13 08:00:00",27,43,23,31.7045,56.8542,5.87533,44.9432
514,"2025-01-14 08:00:00",24,38,22,24.4788,58.5166,8.20271,34.9693
515,"2025-01-15 08:00:00",23,45,21,31.4651,51.7994,8.98535,74.4433
516,"2025-01-16 08:00:00",29,57,20,25.6097,50.733,5.87708,53.3925
517,"2025-01-17 08:00:00",31,35,23,30.3026,47.1828,7.70759,68.0404
518,"2025-01-18 08:00:00",0,55,25,28.1749,43.6672,4.52417,45.7817
519,"2025-01-19 08:00:00",7,45,22,25.5063,44.8303,9.92621,74.3263
520,"2025-01-20 08:00:00",17,58,25,31.129,43.5879,6.45559,32.7674
521,"2025-01-21 08:00:00",11,44,17,26.3404,55.5916,8.01621,35.1051
522,"2025-01-22 08:00:00",22,49,22,28.2349,61.562,3.71106,72.6667
523,"2025-01-23 08:00:00",9,51,19,27.0445,49.3261,5.49091,48.2521
524,"2025-01-24 08:00:00",28,48,15,25.1613,55.2544,9.25409,40.8973
525,"2025-01-25 08:00:00",26,50,19,27.3179,51.6692,6.00524,32.5592
526,"2025-01-26 08:00:00",36,56,20,25.4124,49.6647,7.43708,31.8742
527,"2025-01-27 08:00:00",8,60,18,31.2163,46.0187,3.80843,53.1205
528,"2025-01-28 08:00:00",24,37,21,30.574,58.2269,5.81822,62.748
529,"2025-01-29 08:00:00",22,43,24,25.4252,53.2208,4.52364,46.1937
530,"2025-01-30 08:00:00",36,43,24,27.094,43.6531,3.5104,41.5375
531,"2025-01-31 08:00:00",22,44,24,24.3094,56.3294,6.03045,58.9954
532,"2025-02-01 08:00:00",17,43,22,30.0614,45.9007,5.49834,41.0551
533,"2025-02-02 08:00:00",8,45,15,28.0957,60.9835,4.61136,33.8411
534,"2025-02-03 08:00:00",7,56,23,26.3391,40.0093,5.54522,55.5043
535,"2025-02-04 08:00:00",36,57,16,28.6141,57.1422,8.29288,57.0289
536,"2025-02-05 08:00:00",11,45,19,28.7001,44.3596,3.82803,44.1162
537,"2025-02-06 08:00:00",6,36,22,24.2161,59.7924,8.86953,42.2478
538,"2025-02-07 08:00:00",17,57,20,28.5068,45.2009,3.79358,66.1761
539,"2025-02-08 08:00:00",4,47,20,25.9795,64.9559,4.19319,72.1925
540,"2025-02-09 08:00:00",9,49,16,30.8848,41.3656,7.66154,55.0538
541,"2025-02-10 08:00:00",25,51,24,25.5042,61.6685,9.39269,65.0798
542,"2025-02-11 08:00:00",36,44,21,25.1253,51.3319,4.51615,38.4868
543,"2025-02-12 08:00:00",21,38,20,27.1051,63.5679,5.79429,62.2028
544,"2025-02-13 08:00:00",37,57,20,31.1006,44.8207,7.35429,70.7993
545,"2025-02-14 08:00:00",32,48,18,26.4571,56.4023,5.99351,64.1617
546,"2025-02-15 08:00:00",29,44,20,30.0413,63.5622,8.62011,31.8319
547,"2025-02-16 08:00:00",25,51,18,27.778,54.8213,9.45949,50.2844
548,"2025-02-17 08:00:00",10,44,24,30.9926,43.0215,8.03441,58.276
549,"2025-02-18 08:00:00",23,35,18,26.4908,47.3653,5.41449,36.9936
550,"2025-02-19 08:00:00",9,60,23,31.9699,57.1738,6.276,64.2552
551,"2025-02-20 08:00:00",3,58,21,25.3614,46.8265,9.16069,55.6052
552,"2025-02-21 08:00:00",22,42,22,25.5425,56.9664,7.88766,48.468
553,"2025-02-22 08:00:00",12,39,21,28.9932,62.8595,8.18384,70.4713
554,"2025-02-23 08:00:00",39,36,22,29.3432,60.5032,9.07201,34.0334
555,"2025-02-24 08:00:00",32,41,16,28.6362,61.3945,7.70229,68.5488
556,"2025-02-25 08:00:00",30,41,15,24.8321,44.1708,5.8851,52.0811
557,"2025-02-26 08:00:00",19,36,22,25.4469,58.5536,6.16496,57.0483
558,"2025-02-27 08:00:00",4,46,15,31.0127,62.4039,3.50475,63.7719
559,"2025-02-28 08:00:00",21,39,20,27.0618,52.3003,7.38801,60.7458
560,"2025-03-01 08:00:00",35,57,25,27.0956,42.2621,8.3404,71.1271
561,"2025-03-02 08:00:00",22,55,24,28.568,57.3064,8.66078,64.5303
562,"2025-03-03 08:00:00",35,51,17,28.7993,49.8421,3.55882,40.8553
563,"2025-03-04 08:00:00",17,56,17,27.9429,45.4139,5.95658,69.6629
564,"2025-03-05 08:00:00",28,57,17,30.4776,61.5825,9.416,61.8663
565,"2025-03-06 08:00:00",22,36,16,30.5814,50.7715,8.18423,64.5856
566,"2025-03-07 08:00:00",11,41,19,26.8591,41.8142,5.13178,44.1383
567,"2025-03-08 08:00:00",38,38,18,26.3105,61.1875,6.29413,35.734
568,"2025-03-09 08:00:00",23,37,24,28.7783,44.2253,7.9919,33.9583
569,"2025-03-10 08:00:00",25,35,20,28.9025,43.3537,8.9231,71.9002
570,"2025-03-11 08:00:00",40,45,20,29.3769,57.6962,6.8785,38.343
571,"2025-03-12 08:00:00",23,58,19,24.1709,58.252,5.24363,59.1895
572,"2025-03-13 08:00:00",2,56,23,26.6533,59.7902,7.55009,36.9185
573,"2025-03-14 08:00:00",3,56,17,28.1991,53.5057,8.70929,52.1358
574,"2025-03-15 08:00:00",26,51,25,28.7649,52.6274,7.79251,55.2161
575,"2025-03-16 08:00:00",39,42,20,29.35,61.2535,8.05591,40.8284
576,"2025-03-17 08:00:00",27,59,20,28.0094,52.6095,4.3977,36.012
577,"2025-03-18 08:00:00",24,45,19,26.8585,48.8246,5.95238,34.7426
578,"2025-03-19 08:00:00",7,40,17,31.2124,40.926,8.53208,53.7877
579,"2025-03-20 08:00:00",15,45,23,24.2042,61.4338,7.22419,46.0204
580,"2025-03-21 08:00:00",26,52,23,29.9884,49.6038,4.93189,52.9293
581,"2025-03-22 08:00:00",20,45,16,29.9396,54.6181,4.62621,45.4367
582,"2025-03-23 08:00:00",34,54,24,31.2119,41.5593,5.026,68.8014
583,"2025-03-24 08:00:00",19,51,25,26.8047,48.2399,3.52537,43.878
584,"2025-03-25 08:00:00",29,41,21,31.494,62.8492,8.8698,64.5681
585,"2025-03-26 08:00:00",20,50,22,30.9969,46.4269,9.40689,38.316
586,"2025-03-27 08:00:00",11,40,23,29.6125,63.0475,5.80429,50.1978
587,"2025-03-28 08:00:00",15,54,15,29.976,57.0318,8.35496,44.8605
588,"2025-03-29 08:00:00",35,55,22,30.8888,52.627,8.63493,55.5193
589,"2025-03-30 08:00:00",9,59,25,30.3932,60.163,7.6992,35.3749
590,"2025-03-31 08:00:00",40,45,18,30.4368,55.2052,5.26129,30.9201
591,"2025-04-01 08:00:00",35,38,19,25.3269,63.1818,9.11277,32.7113
592,"2025-04-02 08:00:00",14,58,17,30.5368,59.9666,4.6057,33.4892
593,"2025-04-03 08:00:00",40,55,18,30.3826,40.5926,7.11599,47.9541
594,"2025-04-04 08:00:00",18,36,23,24.0183,53.7662,7.21408,35.034
595,"2025-04-05 08:00:00",35,52,15,28.6984,61.1475,9.93509,65.6759
596,"2025-04-06 08:00:00",4,59,22,29.3374,49.0032,8.91407,42.4405
597,"2025-04-07 08:00:00",22,51,16,27.9658,61.349,8.63959,70.1047
598,"2025-04-08 08:00:00",33,47,17,24.868,48.2753,8.62151,63.9188
599,"2025-04-09 08:00:00",2,51,17,25.8768,45.9634,5.83851,38.5325
600,"2025-04-10 08:00:00",16,51,21,31.0196,49.9768,3.53201,32.813
601,"2025-04-11 08:00:00",19,55,20,27.4333,87.8051,7.1853,54.7337
602,"2025-04-12 08:00:00",8,54,20,28.334,80.7728,7.03421,38.7976
603,"2025-04-13 08:00:00",36,55,20,27.0147,84.3426,6.63597,55.2964
604,"2025-04-14 08:00:00",10,56,16,28.1743,81.0455,6.82819,36.3572
605,"2025-04-15 08:00:00",22,56,17,29.8789,87.3276,6.89078,44.7522
606,"2025-04-16 08:00:00",9,57,24,29.8923,89.715,7.16512,42.995
607,"2025-04-17 08:00:00",34,59,23,28.5621,83.2486,6.9358,56.4827
608,"2025-04-18 08:00:00",31,51,25,27.5359,85.5702,7.19677,53.019
609,"2025-04-19 08:00:00",0,49,18,29.6836,87.936,6.9901,41.8249
610,"2025-04-20 08:00:00",21,39,20,28.1445,82.1193,7.06478,46.7569
611,"2025-04-21 08:00:00",28,35,22,29.5304,86.7335,7.15656,59.8723
612,"2025-04-22 08:00:00",17,52,17,27.8835,86.4515,6.36497,44.6441
613,"2025-04-23 08:00:00",24,42,23,28.2247,82.3592,6.42805,44.0121
614,"2025-04-24 08:00:00",28,46,16,29.0081,84.9609,6.66419,45.9101
615,"2025-04-25 08:00:00",21,38,21,29.7554,86.4519,6.63768,37.546
616,"2025-04-26 08:00:00",34,60,25,29.7842,85.1691,6.79386,40.7787
617,"2025-04-27 08:00:00",19,53,22,27.864,80.4513,6.85288,42.8305
618,"2025-04-28 08:00:00",31,58,15,27.1103,84.9677,7.12157,51.5262
619,"2025-04-29 08:00:00",19,35,24,27.1103,83.6427,6.88331,49.1196
620,"2025-04-30 08:00:00",24,53,17,28.9545,89.0787,6.42127,57.659
621,"2025-05-01 08:00:00",13,47,20,29.2178,87.9372,6.5445,43.1387
622,"2025-05-02 08:00:00",31,53,16,28.742,85.8168,6.45201,48.546
623,"2025-05-03 08:00:00",28,45,23,29.6502,80.2987,6.48926,56.7628
624,"2025-05-04 08:00:00",31,37,21,27.2393,86.4042,6.71341,37.3124
625,"2025-05-05 08:00:00",33,60,15,28.9517,81.6709,6.51084,56.511
626,"2025-05-06 08:00:00",34,45,21,28.1884,82.6063,6.28738,37.0111
627,"2025-05-07 08:00:00",13,57,25,28.3004,86.2068,6.86309,50.4733
628,"2025-05-08 08:00:00",33,57,17,27.8964,88.7178,6.78415,57.7986
629,"2025-05-09 08:00:00",32,57,22,28.69,87.5044,6.76942,44.566
630,"2025-05-10 08:00:00",23,59,25,27.8263,88.731,6.32077,56.6883
631,"2025-05-11 08:00:00",35,41,18,28.7056,81.592,6.70501,59.8707
632,"2025-05-12 08:00:00",6,48,24,28.6363,84.6143,6.79074,48.4832
633,"2025-05-13 08:00:00",29,36,25,28.2851,88.4394,7.13028,48.5669
634,"2025-05-14 08:00:00",4,36,22,27.6089,86.1332,7.01274,43.8004
635,"2025-05-15 08:00:00",10,59,22,28.609,86.995,7.15568,36.9462
636,"2025-05-16 08:00:00",14,48,21,29.246,84.8008,6.99124,53.4323
637,"2025-05-17 08:00:00",8,50,21,28.6291,89.1148,6.21892,50.4991
638,"2025-05-18 08:00:00",20,40,15,29.5733,88.0751,7.1995,45.0447
639,"2025-05-19 08:00:00",36,43,22,27.8268,87.1668,6.38988,58.3725
640,"2025-05-20 08:00:00",14,57,15,29.8757,83.148,6.62344,40.1204
641,"2025-05-21 08:00:00",11,60,23,27.3368,88.5023,7.03301,51.098
642,"2025-05-22 08:00:00",10,59,15,29.8304,89.3043,6.324,58.8669
643,"2025-05-23 08:00:00",7,60,25,28.2753,82.7602,6.39764,56.05
644,"2025-05-24 08:00:00",2,47,15,29.8686,85.9913,6.40146,58.4139
645,"2025-05-25 08:00:00",20,45,22,29.5888,89.994,6.90459,54.9612
646,"2025-05-26 08:00:00",2,39,15,28.0722,82.9116,6.47856,49.6187
647,"2025-05-27 08:00:00",27,40,24,27.8403,89.9962,7.06302,52.8463
648,"2025-05-28 08:00:00",35,48,15,27.1082,87.4513,6.98176,55.0372
649,"2025-05-29 08:00:00",4,59,25,27.6852,81.9427,6.22713,54.6224
650,"2025-05-30 08:00:00",1,48,24,29.3459,85.6047,6.23284,59.0363
651,"2025-05-31 08:00:00",36,43,21,28.3632,84.8594,7.14044,52.9303
652,"2025-06-01 08:00:00",11,46,24,27.6528,89.8065,6.45925,56.5256
653,"2025-06-02 08:00:00",34,47,19,27.3137,85.4482,6.5688,53.1522
654,"2025-06-03 08:00:00",21,44,18,27.0691,86.8993,7.12851,50.4675
655,"2025-06-04 08:00:00",17,58,20,28.0664,85.9163,6.42938,39.2383
656,"2025-06-05 08:00:00",25,40,21,27.7333,81.139,6.2489,44.1758
657,"2025-06-06 08:00:00",2,38,18,27.5363,89.9291,6.61989,45.4859
658,"2025-06-07 08:00:00",9,48,20,29.6646,84.2819,6.37757,56.0954
659,"2025-06-08 08:00:00",37,49,25,29.9145,85.8538,6.41546,41.3908
660,"2025-06-09 08:00:00",36,38,15,28.3636,87.5981,6.32066,57.9952
661,"2025-06-10 08:00:00",40,58,15,29.4642,87.6089,6.9784,43.1541
662,"2025-06-11 08:00:00",30,44,16,29.7301,82.8917,6.44234,50.9151
663,"2025-06-12 08:00:00",1,59,23,27.4685,87.1765,7.1844,43.7842
664,"2025-06-13 08:00:00",9,48,22,27.7708,87.0998,6.40293,49.5081
665,"2025-06-14 08:00:00",14,41,17,29.1294,88.4831,7.08598,36.4501
666,"2025-06-15 08:00:00",35,52,19,27.1061,89.8959,6.69857,37.4568
667,"2025-06-16 08:00:00",31,48,17,28.8808,86.9421,6.59474,53.7973
668,"2025-06-17 08:00:00",4,41,20,28.1472,83.8001,6.64797,37.448
669,"2025-06-18 08:00:00",30,37,25,29.8913,80.1449,7.12003,54.796
670,"2025-06-19 08:00:00",9,35,20,27.415,80.98,6.91381,40.5317
671,"2025-06-20 08:00:00",20,41,20,29.2731,89.4875,7.07305,50.9247
672,"2025-06-21 08:00:00",37,50,23,29.653,88.4859,6.53047,56.0191
673,"2025-06-22 08:00:00",34,35,21,28.4452,82.6764,6.68438,58.1871
674,"2025-06-23 08:00:00",14,37,15,27.9624,83.9759,6.58135,48.9367
675,"2025-06-24 08:00:00",23,39,22,29.2565,81.9795,6.86484,42.0248
676,"2025-06-25 08:00:00",5,45,21,28.3629,88.0099,6.48712,43.0513
677,"2025-06-26 08:00:00",22,37,20,27.6275,86.4937,6.60573,39.2614
678,"2025-06-27 08:00:00",40,51,17,28.6609,86.1219,6.8606,50.0153
679,"2025-06-28 08:00:00",27,56,20,29.2114,87.115,6.41874,51.5385
680,"2025-06-29 08:00:00",31,40,22,29.4089,86.1606,6.36551,53.3549
681,"2025-06-30 08:00:00",38,36,21,28.0295,84.8846,6.55637,36.1204
682,"2025-07-01 08:00:00",6,37,17,28.0866,80.3501,6.76069,38.1448
683,"2025-07-02 08:00:00",6,47,18,29.1617,80.2804,6.71528,40.1655
684,"2025-07-03 08:00:00",24,44,17,29.8597,80.035,6.66638,50.6649
685,"2025-07-04 08:00:00",25,59,19,29.0663,83.6869,6.62663,43.9518
686,"2025-07-05 08:00:00",32,56,21,27.3854,88.6666,6.70277,58.2993
687,"2025-07-06 08:00:00",8,45,18,27.9303,85.4206,7.01103,43.251
688,"2025-07-07 08:00:00",19,39,17,29.2809,81.8009,6.89016,44.4743
689,"2025-07-08 08:00:00",39,37,15,28.9973,83.7891,6.82175,59.845
690,"2025-07-09 08:00:00",33,37,19,27.9268,86.5543,7.18319,43.4826
691,"2025-07-10 08:00:00",26,54,17,28.5474,88.957,6.27259,49.4897
692,"2025-07-11 08:00:00",21,51,15,29.3649,89.1887,6.67913,48.3016
693,"2025-07-12 08:00:00",22,54,20,28.5615,83.638,6.68983,41.0131
694,"2025-07-13 08:00:00",29,45,16,28.4368,87.9133,6.58338,43.1206
695,"2025-07-14 08:00:00",4,40,21,28.7973,80.4574,6.72555,44.3007
696,"2025-07-15 08:00:00",10,37,22,28.7275,89.1276,7.06975,58.5297
697,"2025-07-16 08:00:00",4,44,19,27.9564,83.5271,6.92199,43.2573
698,"2025-07-17 08:00:00",20,45,17,28.1746,83.6966,6.77096,37.2465
699,"2025-07-18 08:00:00",23,45,23,28.7765,86.6913,6.98313,56.1244
700,"2025-07-19 08:00:00",25,48,21,28.4381,83.4899,6.26768,52.5547
701,"2025-01-01 08:00:00",56,79,15,29.4844,63.1992,7.45453,71.8909
702,"2025-01-02 08:00:00",25,62,21,26.7343,68.14,7.04006,67.151
703,"2025-01-03 08:00:00",42,61,22,26.2727,62.2881,7.41865,70.2321
704,"2025-01-04 08:00:00",42,73,25,34.0368,67.2111,6.50187,73.2357
705,"2025-01-05 08:00:00",44,58,18,28.0364,65.066,6.81441,72.4951
706,"2025-01-06 08:00:00",50,55,16,28.8146,65.3354,7.58144,62.2624
707,"2025-01-07 08:00:00",35,72,21,34.0362,64.2879,7.74142,66.8551
708,"2025-01-08 08:00:00",30,64,20,33.8643,61.5707,6.57353,68.022
709,"2025-01-09 08:00:00",27,64,21,32.8421,68.684,7.5438,73.6717
710,"2025-01-10 08:00:00",50,74,17,27.1005,63.3609,6.54082,73.8495
711,"2025-01-11 08:00:00",39,73,24,25.6584,61.1824,7.22406,69.2861
712,"2025-01-12 08:00:00",57,67,25,32.3474,66.6145,7.55136,64.5588
713,"2025-01-13 08:00:00",52,63,19,29.5895,68.3218,6.9289,67.5302
714,"2025-01-14 08:00:00",55,66,22,30.9122,68.7943,7.74778,66.6383
715,"2025-01-15 08:00:00",51,56,18,28.1279,64.2098,6.70651,70.8634
716,"2025-01-16 08:00:00",36,66,15,30.0855,69.3481,6.66824,67.1367
717,"2025-01-17 08:00:00",59,55,19,31.7438,62.5101,7.33238,68.971
718,"2025-01-18 08:00:00",50,58,23,27.8133,62.5046,7.5968,69.7556
719,"2025-01-19 08:00:00",30,65,25,32.8873,64.5946,7.70651,71.5057
720,"2025-01-20 08:00:00",20,62,18,29.3636,64.9874,7.36654,61.9121
721,"2025-01-21 08:00:00",58,71,15,27.8259,67.5862,6.91924,74.0123
722,"2025-01-22 08:00:00",25,71,24,28.4954,60.4485,7.18772,74.9156
723,"2025-01-23 08:00:00",52,71,16,27.7427,68.54,7.07589,71.7862
724,"2025-01-24 08:00:00",40,63,18,30.4159,67.6632,6.74441,63.0247
725,"2025-01-25 08:00:00",20,60,25,27.3254,69.0905,6.72647,61.1925
726,"2025-01-26 08:00:00",48,61,21,30.285,61.693,6.62826,65.6286
727,"2025-01-27 08:00:00",49,68,22,28.5684,61.5328,7.12706,63.4973
728,"2025-01-28 08:00:00",48,62,15,25.3659,66.638,7.53863,65.8166
729,"2025-01-29 08:00:00",32,66,17,34.9466,65.2677,7.16236,70.1415
730,"2025-01-30 08:00:00",21,63,22,25.0974,67.7284,6.85941,74.6165
731,"2025-01-31 08:00:00",20,72,19,32.4765,64.3485,7.39719,65.8205
732,"2025-02-01 08:00:00",25,65,21,33.8635,68.5923,6.88025,69.2446
733,"2025-02-02 08:00:00",41,78,21,25.1986,60.3733,6.58131,70.8879
734,"2025-02-03 08:00:00",53,67,17,31.7768,69.0185,7.29697,61.4689
735,"2025-02-04 08:00:00",39,60,21,34.8981,63.5995,6.97298,64.728
736,"2025-02-05 08:00:00",25,76,17,31.7411,68.6353,7.24115,62.3062
737,"2025-02-06 08:00:00",21,78,19,27.1616,66.7602,6.92009,69.8511
738,"2025-02-07 08:00:00",57,60,17,26.2377,67.8852,7.50461,73.5866
739,"2025-02-08 08:00:00",56,75,15,30.2016,60.0653,7.15227,66.3717
740,"2025-02-09 08:00:00",49,72,15,31.5585,67.8356,7.137,74.8696
741,"2025-02-10 08:00:00",24,80,19,29.6789,69.0855,6.80804,65.6644
742,"2025-02-11 08:00:00",49,76,18,27.0537,67.7018,7.39363,60.4694
743,"2025-02-12 08:00:00",28,68,19,34.6388,61.386,7.69951,72.4317
744,"2025-02-13 08:00:00",55,78,21,33.3944,62.9369,6.60289,63.5745
745,"2025-02-14 08:00:00",50,64,25,28.8408,63.3723,6.73445,70.255
746,"2025-02-15 08:00:00",34,80,19,31.4934,63.0564,6.52122,71.4833
747,"2025-02-16 08:00:00",20,68,23,25.5496,63.9543,7.70733,63.1831
748,"2025-02-17 08:00:00",55,67,16,34.3733,69.6937,6.59672,70.2719
749,"2025-02-18 08:00:00",23,70,15,34.6008,63.113,7.40362,60.4179
750,"2025-02-19 08:00:00",53,74,15,29.4346,64.9433,7.5171,72.1782
751,"2025-02-20 08:00:00",26,67,16,29.1071,67.9058,7.17621,67.8335
752,"2025-02-21 08:00:00",33,80,22,28.5701,65.7177,6.59396,70.0866
753,"2025-02-22 08:00:00",37,79,19,27.5438,69.3479,7.14394,69.4088
754,"2025-02-23 08:00:00",33,75,21,33.0469,68.9388,6.69066,62.3028
755,"2025-02-24 08:00:00",22,55,20,33.9531,69.961,7.42353,61.1635
756,"2025-02-25 08:00:00",20,68,17,30.1187,60.1168,6.57871,71.7298
757,"2025-02-26 08:00:00",43,68,20,29.5781,66.1759,7.49747,69.439
758,"2025-02-27 08:00:00",44,76,22,27.2646,68.0123,7.77531,68.9175
759,"2025-02-28 08:00:00",34,60,16,31.3573,64.2499,7.32256,63.8567
760,"2025-03-01 08:00:00",21,72,17,31.521,66.5572,7.58053,61.7111
761,"2025-03-02 08:00:00",25,68,19,29.3998,64.2551,7.10845,67.4768
762,"2025-03-03 08:00:00",41,62,15,29.384,64.1493,7.35897,65.2419
763,"2025-03-04 08:00:00",28,65,23,28.3869,61.8887,7.40518,74.2446
764,"2025-03-05 08:00:00",35,64,15,28.4744,63.536,6.50014,69.5274
765,"2025-03-06 08:00:00",52,58,16,30.641,61.1451,7.16744,71.3695
766,"2025-03-07 08:00:00",58,75,25,25.256,61.3667,7.26179,68.6469
767,"2025-03-08 08:00:00",34,66,19,32.9703,60.1812,7.58664,73.4468
768,"2025-03-09 08:00:00",52,70,16,33.6686,66.6042,7.53481,67.3252
769,"2025-03-10 08:00:00",23,57,19,32.8396,67.998,7.251,73.4045
770,"2025-03-11 08:00:00",42,58,25,27.4585,62.9002,6.51362,69.4602
771,"2025-03-12 08:00:00",37,62,17,25.6858,69.8435,7.12125,74.6207
772,"2025-03-13 08:00:00",44,75,22,30.0328,64.148,7.57456,71.2101
773,"2025-03-14 08:00:00",21,80,20,28.2067,68.2709,7.35087,64.3289
774,"2025-03-15 08:00:00",56,76,16,28.2727,61.1896,7.51315,63.299
775,"2025-03-16 08:00:00",29,76,15,28.5417,64.202,7.02561,69.6886
776,"2025-03-17 08:00:00",43,61,20,26.8719,61.6137,6.80425,63.5182
777,"2025-03-18 08:00:00",55,60,15,32.7977,68.7799,7.16304,64.1141
778,"2025-03-19 08:00:00",44,63,15,26.4233,64.5114,7.33893,63.4655
779,"2025-03-20 08:00:00",29,67,21,29.7918,63.3879,6.62132,63.0217
780,"2025-03-21 08:00:00",47,63,16,27.44,67.1046,6.66187,72.5067
781,"2025-03-22 08:00:00",40,68,17,34.1263,65.1488,7.73315,70.408
782,"2025-03-23 08:00:00",58,61,15,30.9491,64.2336,7.40289,62.7873
783,"2025-03-24 08:00:00",41,74,18,28.7575,61.027,6.59915,73.3769
784,"2025-03-25 08:00:00",58,79,17,27.2477,66.1012,7.04174,62.3184
785,"2025-03-26 08:00:00",27,62,24,28.6301,66.7709,7.35388,62.2737
786,"2025-03-27 08:00:00",27,60,17,26.4177,63.647,7.0268,64.4218
787,"2025-03-28 08:00:00",52,65,20,32.8171,66.1567,6.8143,68.8392
788,"2025-03-29 08:00:00",44,55,25,29.6321,65.9136,7.42161,71.1633
789,"2025-03-30 08:00:00",21,62,24,33.4908,62.7332,6.84738,65.4533
790,"2025-03-31 08:00:00",60,59,22,31.8685,66.7422,7.19152,74.2224
791,"2025-04-01 08:00:00",33,77,21,30.3299,65.6297,7.01286,71.6463
792,"2025-04-02 08:00:00",59,58,17,28.5462,66.3139,7.36832,62.8347
793,"2025-04-03 08:00:00",29,63,17,30.0263,67.8881,7.26154,66.4726
794,"2025-04-04 08:00:00",59,63,18,31.6553,60.1326,6.52669,66.691
795,"2025-04-05 08:00:00",29,70,15,30.335,63.5472,6.87259,74.167
796,"2025-04-06 08:00:00",58,73,16,33.3698,65.6772,6.87414,64.8952
797,"2025-04-07 08:00:00",55,77,22,31.4345,62.993,7.76062,64.7765
798,"2025-04-08 08:00:00",42,79,23,27.7168,63.291,6.78184,68.5651
799,"2025-04-09 08:00:00",44,77,21,32.6392,61.3009,7.32698,61.8388
800,"2025-04-10 08:00:00",38,62,25,32.7477,67.7795,7.45398,63.3778
801,"2025-01-01 08:00:00",32,76,15,28.0515,63.498,7.60411,43.358
802,"2025-01-02 08:00:00",13,61,22,19.4408,63.2777,7.72883,46.8313
803,"2025-01-03 08:00:00",38,60,20,29.8482,60.6387,7.49122,46.8045
804,"2025-01-04 08:00:00",11,74,17,21.3638,69.9238,6.63386,46.6353
805,"2025-01-05 08:00:00",37,71,16,26.2866,68.5197,7.32486,46.1383
806,"2025-01-06 08:00:00",29,71,18,22.175,62.1387,6.41044,53.4662
807,"2025-01-07 08:00:00",2,72,18,26.576,60.9788,7.83672,50.8911
808,"2025-01-08 08:00:00",6,59,21,26.5897,66.1401,6.13922,50.9099
809,"2025-01-09 08:00:00",13,64,20,19.1346,62.5753,6.59057,36.4695
810,"2025-01-10 08:00:00",8,58,17,28.7527,69.1564,7.28605,35.1543
811,"2025-01-11 08:00:00",6,77,20,25.7875,60.2816,6.05831,49.1434
812,"2025-01-12 08:00:00",2,75,22,23.8927,61.7878,6.65861,52.5573
813,"2025-01-13 08:00:00",3,69,23,28.6741,63.1883,7.29936,42.9602
814,"2025-01-14 08:00:00",27,80,24,28.4206,61.7734,7.81521,49.0237
815,"2025-01-15 08:00:00",39,78,15,21.355,62.6014,5.92539,41.7822
816,"2025-01-16 08:00:00",40,79,17,21.127,63.1874,6.40368,38.7183
817,"2025-01-17 08:00:00",37,62,22,24.0204,61.6231,7.39755,49.781
818,"2025-01-18 08:00:00",31,60,24,25.4047,65.8568,7.72234,51.9206
819,"2025-01-19 08:00:00",22,67,22,29.0302,64.4917,7.47593,54.9394
820,"2025-01-20 08:00:00",3,78,18,20.2137,68.6526,6.88713,50.8973
821,"2025-01-21 08:00:00",4,80,16,29.1959,68.0197,7.44198,44.9326
822,"2025-01-22 08:00:00",13,61,24,18.2978,69.6898,7.62991,49.3911
823,"2025-01-23 08:00:00",12,66,20,27.4144,63.4179,7.33612,44.4318
824,"2025-01-24 08:00:00",4,61,21,24.8406,60.0912,6.75021,48.7779
825,"2025-01-25 08:00:00",9,60,21,29.9441,67.3132,7.52178,40.3711
826,"2025-01-26 08:00:00",18,66,22,25.8799,67.5511,6.34738,47.8965
827,"2025-01-27 08:00:00",32,56,18,20.0468,65.844,7.13525,46.0533
828,"2025-01-28 08:00:00",6,72,15,22.9945,66.709,7.67018,54.4904
829,"2025-01-29 08:00:00",15,77,20,25.1316,66.9264,7.39975,49.0402
830,"2025-01-30 08:00:00",0,65,24,28.4958,62.4462,7.8415,53.1453
831,"2025-01-31 08:00:00",30,79,22,18.2877,69.4852,6.25422,48.6045
832,"2025-02-01 08:00:00",3,63,16,24.3804,61.1846,6.86888,53.1395
833,"2025-02-02 08:00:00",2,78,23,21.3185,66.4393,7.32051,45.4262
834,"2025-02-03 08:00:00",10,78,18,18.5414,62.7064,6.29698,44.0782
835,"2025-02-04 08:00:00",14,67,25,25.2871,60.8599,7.24115,49.3737
836,"2025-02-05 08:00:00",39,65,23,25.4346,69.1261,7.68596,41.0268
837,"2025-02-06 08:00:00",19,72,15,28.836,69.7611,6.89076,44.0856
838,"2025-02-07 08:00:00",18,57,21,27.3766,63.9393,6.15592,49.4737
839,"2025-02-08 08:00:00",31,58,15,28.3189,60.1946,6.16786,45.3652
840,"2025-02-09 08:00:00",28,58,25,27.4819,62.0481,6.86164,37.8112
841,"2025-02-10 08:00:00",5,65,19,18.2807,68.1037,6.97836,48.8025
842,"2025-02-11 08:00:00",16,65,19,27.612,69.2979,7.04316,42.7237
843,"2025-02-12 08:00:00",34,65,19,23.4397,63.2201,5.94239,45.4028
844,"2025-02-13 08:00:00",14,69,19,20.9563,63.6813,7.23946,52.3988
845,"2025-02-14 08:00:00",22,55,16,23.7937,68.0321,6.51632,49.7392
846,"2025-02-15 08:00:00",24,61,17,22.6371,65.4454,6.23327,38.3041
847,"2025-02-16 08:00:00",2,79,15,21.5358,65.4723,7.50528,35.7511
848,"2025-02-17 08:00:00",26,63,17,29.8785,65.7309,6.9503,44.9565
849,"2025-02-18 08:00:00",27,61,15,25.2653,67.1,6.95806,48.3394
850,"2025-02-19 08:00:00",24,70,16,25.1789,68.9331,6.54803,35.0348
851,"2025-02-20 08:00:00",13,74,25,24.1219,61.0953,6.46162,44.2363
852,"2025-02-21 08:00:00",6,64,23,23.3357,67.4046,7.06526,36.1868
853,"2025-02-22 08:00:00",12,58,23,21.746,63.395,6.76509,50.4331
854,"2025-02-23 08:00:00",32,79,22,27.602,63.4617,5.91645,54.3781
855,"2025-02-24 08:00:00",6,68,18,24.3887,62.5045,6.71134,47.2605
856,"2025-02-25 08:00:00",10,79,20,24.9829,66.8954,6.37988,38.2137
857,"2025-02-26 08:00:00",38,77,22,28.2348,69.316,6.31328,35.3683
858,"2025-02-27 08:00:00",17,74,17,26.0303,69.5586,7.39321,37.114
859,"2025-02-28 08:00:00",26,68,24,28.0485,64.0769,7.50493,37.1582
860,"2025-03-01 08:00:00",23,75,17,24.8743,64.0021,7.19808,48.2814
861,"2025-03-02 08:00:00",32,78,22,23.9708,62.3556,7.00704,53.4091
862,"2025-03-03 08:00:00",19,79,19,20.06,67.7625,6.67726,42.8951
863,"2025-03-04 08:00:00",22,60,18,19.5922,61.2863,6.74398,41.7705
864,"2025-03-05 08:00:00",28,69,16,29.7701,66.2933,6.54736,35.6967
865,"2025-03-06 08:00:00",1,67,21,27.5214,60.5366,6.55158,48.0649
866,"2025-03-07 08:00:00",12,67,23,25.629,63.1491,6.58502,45.4968
867,"2025-03-08 08:00:00",36,67,20,20.3908,60.4753,6.92404,53.3151
868,"2025-03-09 08:00:00",28,70,21,25.3904,60.499,7.43737,39.1837
869,"2025-03-10 08:00:00",12,71,19,24.9108,60.7137,7.14261,42.1974
870,"2025-03-11 08:00:00",22,68,16,27.705,63.2092,7.74672,37.4616
871,"2025-03-12 08:00:00",26,66,22,18.0649,65.1034,6.30048,51.5492
872,"2025-03-13 08:00:00",16,65,16,18.1303,62.4585,6.07872,50.6129
873,"2025-03-14 08:00:00",14,59,22,23.8272,67.8982,6.76661,46.9072
874,"2025-03-15 08:00:00",33,59,19,23.1931,62.7471,7.64102,49.5521
875,"2025-03-16 08:00:00",21,63,17,25.0897,68.1754,6.55968,41.4549
876,"2025-03-17 08:00:00",0,69,21,25.8693,61.8832,7.07292,36.6828
877,"2025-03-18 08:00:00",10,75,17,18.4397,68.0539,7.73219,39.0099
878,"2025-03-19 08:00:00",30,61,18,27.1491,67.0266,6.15778,52.5081
879,"2025-03-20 08:00:00",0,74,17,23.3338,64.5052,7.24099,47.0151
880,"2025-03-21 08:00:00",35,74,22,26.723,62.9684,6.89891,42.8727
881,"2025-03-22 08:00:00",7,63,24,19.5575,64.4527,6.81868,53.0467
882,"2025-03-23 08:00:00",9,56,17,26.1371,66.7729,6.26194,46.4828
883,"2025-03-24 08:00:00",14,74,15,27.9999,65.5765,6.49304,49.9404
884,"2025-03-25 08:00:00",14,76,20,29.0594,62.1065,7.04247,36.5011
885,"2025-03-26 08:00:00",36,65,16,25.7127,64.1123,7.69201,50.1707
886,"2025-03-27 08:00:00",28,67,21,21.7979,63.7309,6.25099,46.6237
887,"2025-03-28 08:00:00",28,79,16,24.7063,60.2685,6.05219,53.1244
888,"2025-03-29 08:00:00",40,61,22,20.9498,65.8109,7.00222,44.2391
889,"2025-03-30 08:00:00",10,70,19,24.8492,68.9809,7.27243,41.6108
890,"2025-03-31 08:00:00",12,80,19,21.9104,65.2166,5.962,36.1021
891,"2025-04-01 08:00:00",37,77,20,25.9338,68.7053,7.08051,51.0237
892,"2025-04-02 08:00:00",0,67,22,29.8211,69.4073,6.5938,51.5646
893,"2025-04-03 08:00:00",7,73,25,27.5219,63.1322,7.28806,45.2084
894,"2025-04-04 08:00:00",10,56,18,27.9963,68.6429,7.32711,46.1059
895,"2025-04-05 08:00:00",39,70,15,20.7677,63.9016,6.36636,47.9272
896,"2025-04-06 08:00:00",26,56,22,23.0528,60.4248,7.01112,52.6029
897,"2025-04-07 08:00:00",9,77,17,21.6585,63.5834,6.28073,38.0766
898,"2025-04-08 08:00:00",4,59,19,26.2507,67.6278,7.62149,40.8106
899,"2025-04-09 08:00:00",34,73,15,20.972,63.8318,7.63042,53.1021
900,"2025-04-10 08:00:00",33,77,15,23.8974,66.321,7.80221,40.7454
901,"2025-01-01 08:00:00",2,24,38,24.5598,91.6354,5.92294,111.968
902,"2025-01-02 08:00:00",6,18,37,19.6569,89.937,5.93765,108.046
903,"2025-01-03 08:00:00",8,26,36,18.7836,87.4025,6.80478,102.518
904,"2025-01-04 08:00:00",37,18,39,24.147,94.5111,6.42467,110.232
905,"2025-01-05 08:00:00",0,27,38,22.4458,89.9015,6.73802,109.391
906,"2025-01-06 08:00:00",31,25,38,24.9627,92.405,6.49737,109.417
907,"2025-01-07 08:00:00",21,21,38,22.5526,89.326,6.32767,104.896
908,"2025-01-08 08:00:00",6,30,40,22.7704,91.455,6.36137,106.966
909,"2025-01-09 08:00:00",25,27,41,19.2009,94.2766,6.92351,108.042
910,"2025-01-10 08:00:00",15,11,38,23.1281,92.6833,6.63065,109.393
911,"2025-01-11 08:00:00",14,5,36,24.9264,85.191,5.83253,104.769
912,"2025-01-12 08:00:00",16,10,41,24.7746,85.6361,6.73899,105.76
913,"2025-01-13 08:00:00",36,7,37,19.8671,86.3559,5.78244,108.317
914,"2025-01-14 08:00:00",4,20,41,24.266,93.7974,6.53704,104.538
915,"2025-01-15 08:00:00",29,22,40,23.626,89.7327,6.1451,107.684
916,"2025-01-16 08:00:00",16,15,42,19.6783,89.0894,6.89078,108.547
917,"2025-01-17 08:00:00",18,27,41,22.3651,92.3088,7.17534,104.822
918,"2025-01-18 08:00:00",11,18,42,21.5794,94.8827,5.93853,102.859
919,"2025-01-19 08:00:00",5,15,38,18.2623,88.1678,5.70938,108.076
920,"2025-01-20 08:00:00",18,23,44,23.7103,89.6179,6.1844,105.65
921,"2025-01-21 08:00:00",9,8,40,22.4872,89.9225,6.55351,111.663
922,"2025-01-22 08:00:00",40,27,45,21.6602,94.794,5.88564,112.435
923,"2025-01-23 08:00:00",22,23,44,20.1304,89.315,6.14387,107.342
924,"2025-01-24 08:00:00",9,16,39,18.4116,91.1193,6.1012,105.183
925,"2025-01-25 08:00:00",12,29,40,19.6829,89.7527,6.59404,111.282
926,"2025-01-26 08:00:00",0,17,42,23.2024,91.1944,6.85984,109.095
927,"2025-01-27 08:00:00",2,21,44,18.9216,87.3129,6.56893,102.801
928,"2025-01-28 08:00:00",28,6,40,22.1062,91.3404,6.76986,106.87
929,"2025-01-29 08:00:00",8,23,44,18.4741,89.6892,7.13084,108.476
930,"2025-01-30 08:00:00",29,16,36,19.8107,88.9294,5.74034,102.86
931,"2025-01-31 08:00:00",17,18,43,24.4881,90.8369,5.84301,103.197
932,"2025-02-01 08:00:00",34,21,42,18.7593,89.9346,6.64869,111.02
933,"2025-02-02 08:00:00",21,23,42,19.5413,90.2975,6.90275,104.374
934,"2025-02-03 08:00:00",25,17,40,18.9125,87.7494,6.60802,111.28
935,"2025-02-04 08:00:00",8,25,36,19.9133,94.9503,6.82852,104.028
936,"2025-02-05 08:00:00",26,18,42,19.7262,89.6493,6.91038,108.229
937,"2025-02-06 08:00:00",4,19,42,23.8319,87.8403,6.30661,111.223
938,"2025-02-07 08:00:00",36,24,41,24.9447,94.257,7.00918,103.88
939,"2025-02-08 08:00:00",5,24,40,24.6923,93.8703,6.29791,104.674
940,"2025-02-09 08:00:00",19,17,39,24.7249,85.5608,6.7286,111.279
941,"2025-02-10 08:00:00",39,30,38,20.1264,87.5963,6.96516,108.066
942,"2025-02-11 08:00:00",5,29,44,21.0243,93.057,5.5781,104.785
943,"2025-02-12 08:00:00",4,24,43,22.4042,88.1508,7.1995,109.87
944,"2025-02-13 08:00:00",38,21,35,20.3369,89.38,5.84137,110.965
945,"2025-02-14 08:00:00",37,11,36,24.2478,85.5603,6.71014,106.922
946,"2025-02-15 08:00:00",9,25,41,24.8153,91.9084,5.97271,109.285
947,"2025-02-16 08:00:00",29,22,43,19.6633,87.9516,5.56185,106.038
948,"2025-02-17 08:00:00",5,21,38,22.4338,90.3397,6.10705,112.46
949,"2025-02-18 08:00:00",22,26,38,22.9205,85.1291,6.98804,110.244
950,"2025-02-19 08:00:00",4,18,37,22.9184,85.407,7.13147,106.282
951,"2025-02-20 08:00:00",21,6,41,24.8824,89.3969,7.08695,107.195
952,"2025-02-21 08:00:00",29,21,45,23.4098,93.1328,6.74926,105.224
953,"2025-02-22 08:00:00",23,5,44,21.2073,94.263,7.163,107.566
954,"2025-02-23 08:00:00",13,7,43,18.2023,91.1228,7.01348,109.662
955,"2025-02-24 08:00:00",5,13,37,22.3438,89.787,5.64824,103.318
956,"2025-02-25 08:00:00",27,24,41,24.3277,90.8829,6.61025,110.461
957,"2025-02-26 08:00:00",7,23,35,19.7509,88.7169,7.05431,102.554
958,"2025-02-27 08:00:00",12,20,39,19.8617,86.1974,6.027,111.022
959,"2025-02-28 08:00:00",4,19,43,18.0713,93.1455,5.77943,106.36
960,"2025-03-01 08:00:00",3,9,45,23.8916,89.6185,6.53524,104.618
961,"2025-03-02 08:00:00",1,27,36,23.986,93.3424,5.685,104.991
962,"2025-03-03 08:00:00",23,30,44,20.9389,85.4291,6.12476,103.03
963,"2025-03-04 08:00:00",24,21,42,20.8221,87.2282,6.99901,109.443
964,"2025-03-05 08:00:00",13,30,37,20.8647,91.6179,6.27715,106.869
965,"2025-03-06 08:00:00",40,11,44,24.4584,86.1087,6.3224,111.378
966,"2025-03-07 08:00:00",21,9,40,24.5115,90.645,5.9564,105.621
967,"2025-03-08 08:00:00",3,27,44,24.5681,92.0301,6.5913,110.963
968,"2025-03-09 08:00:00",40,29,42,24.6323,89.0157,7.10409,110.696
969,"2025-03-10 08:00:00",14,25,40,20.0739,90.9782,6.40787,103.708
970,"2025-03-11 08:00:00",38,14,37,21.8052,94.6361,6.6584,102.649
971,"2025-03-12 08:00:00",34,9,36,22.8123,86.3423,6.27604,110.443
972,"2025-03-13 08:00:00",32,14,37,22.7303,88.4857,6.82526,104.684
973,"2025-03-14 08:00:00",18,21,35,23.2801,94.9433,6.36856,111.138
974,"2025-03-15 08:00:00",8,23,38,19.3011,87.1775,7.00541,105.477
975,"2025-03-16 08:00:00",15,6,41,19.0087,88.8377,6.89737,108.679
976,"2025-03-17 08:00:00",0,5,36,24.3519,90.8861,6.15291,105.529
977,"2025-03-18 08:00:00",22,9,44,24.7224,88.8765,5.74436,112.193
978,"2025-03-19 08:00:00",14,8,43,21.9251,94.4649,7.05165,111.716
979,"2025-03-20 08:00:00",31,11,45,24.8395,86.8874,6.03461,107.644
980,"2025-03-21 08:00:00",39,17,45,18.0969,90.4218,6.92449,104.882
981,"2025-03-22 08:00:00",10,5,42,20.241,91.0871,6.88701,109.254
982,"2025-03-23 08:00:00",8,28,38,23.2259,94.4297,6.8444,105.692
983,"2025-03-24 08:00:00",32,13,42,23.5013,92.9753,5.78606,106.619
984,"2025-03-25 08:00:00",18,9,40,19.4462,89.0213,5.62719,106.161
985,"2025-03-26 08:00:00",20,27,41,20.5134,92.5168,5.70009,110.576
986,"2025-03-27 08:00:00",39,25,36,18.9022,94.999,5.56781,107.61
987,"2025-03-28 08:00:00",20,7,45,18.9059,89.2413,6.07789,112.475
988,"2025-03-29 08:00:00",11,10,45,22.6305,88.4558,6.398,109.036
989,"2025-03-30 08:00:00",40,18,43,19.386,86.7906,5.76737,109.913
990,"2025-03-31 08:00:00",3,26,39,24.3832,91.1943,7.07997,103.601
991,"2025-04-01 08:00:00",9,16,36,23.7799,92.9339,5.89333,106.978
992,"2025-04-02 08:00:00",30,20,38,22.5989,93.1634,7.05822,110.093
993,"2025-04-03 08:00:00",40,9,41,24.3777,85.4017,5.78271,106.128
994,"2025-04-04 08:00:00",40,30,35,20.8927,91.0778,6.26966,104.441
995,"2025-04-05 08:00:00",32,25,35,18.099,85.7079,5.89291,107.005
996,"2025-04-06 08:00:00",33,23,45,20.0022,85.8362,7.11654,112.337
997,"2025-04-07 08:00:00",4,14,41,19.8514,89.8073,6.43016,102.819
998,"2025-04-08 08:00:00",13,17,45,21.2543,92.6506,7.15952,106.278
999,"2025-04-09 08:00:00",39,24,39,23.6537,93.3266,6.43127,109.808
1000,"2025-04-10 08:00:00",8,28,37,23.884,86.2061,6.08257,108.312
